Title,Rating,Price
Dell Inspiron 5501 15.6 Inch FHD Laptop (10th Gen i7-1065G7/8 GB/512 SSD/2 GB Nvidia Graphics/Win 10 + MS Office H&S 2019/Silver) D560213WIN9S,3.6,"84,990"
"Microsoft Laptop 2 1769 13.5-inch Laptop (Intel Core i7/8GB/256GB SSD/Windows 10 Home/Integrated Graphics), Platinum",-,"1,50,245"
"Asus VivoBook S14 Core i7 8th Gen - (8 GB/1 TB HDD/256 GB SSD/Windows 10 Home/2 GB Graphics) S430FN-EB059T Thin and Light Laptop (14 inch, Gun Metal, 1.4 kg)",-,"69,990"
"HP Pavilion x360 Core i7 8th Gen 14-inch Touchscreen 2-in-1 FHD Thin and Light Laptop (16GB/512GB SSD/Windows 10/MS Office/2GB Graphics/Mineral Silver/1.59 kg), 14- dh0045TX",4.1,"85,990"
"Asus VivoBook Gaming (2020) Core i7 10th Gen - (16 GB/512 GB SSD/Windows 10 Home/4 GB Graphics/NVIDIA Geforce GTX 1650/120 Hz) F571LH-AL150T Gaming Laptop (15.6 inch, Star Black, 2.14 kg)",-,"81,990"
"Lenovo IdeaPad Gaming 3i 10th Gen Intel Core i7 15.6-inch Full HD IPS Gaming Laptop (8GB/1TB HDD + 256 GB SSD/Windows 10/NVIDIA GTX 1650 4GB GDDR6 Graphics/Onyx Black/2.2Kg), 81Y400VAIN",-,"78,990"
"ASUS ZenBook 13 (2020) Intel Core i7-1165G7 11th Gen 13.3-inch FHD Thin and Light Laptop (16GB RAM/1TB NVMe SSD/Windows 10/MS Office 2019/Intel Iris Xᵉ Graphics/Lilac Mist/1.11 kg), UX325EA-EG701TS",-,"1,01,685"
"Asus ROG Strix G15 Core i7 10th Gen - (8 GB/512 GB SSD/Windows 10 Home/4 GB Graphics/NVIDIA Geforce GTX 1650 Ti/144 Hz) G512LI-HN081T Gaming Laptop (15.6 inch, Black Plastic, 2.30 kg)",-,"84,990"
"Asus ROG Strix G15 (2020) Core i7 10th Gen - (16 GB/1 TB SSD/Windows 10 Home/4 GB Graphics/NVIDIA Geforce GTX 1650 Ti/144 Hz) G512LI-HN086T Gaming Laptop (15.6 inch, Black Plastic, 2.30 kg)",-,"1,04,980"
"ASUS ZenBook Pro Duo Intel Core i9-10980HK 10th Gen 15.6"" 4K UHD OLED Touchscreen Laptop (32GB RAM/1TB NVMe SSD/Windows 10/6GB NVIDIA GeForce RTX 2060 Graphics/Celestial Blue/2.5 Kg), UX581LV-H2035T",2.8,"2,69,294"
