Brand,Product description,Price,Discount
Silver Kartz,UV Protection Retro Square Sunglasses (56),211,85
Silver Kartz,UV Protection Aviator Sunglasses (88),228,80
FDA COLLECTION,"Gradient, Mirrored, UV Protection Round, Round, Round S...",199,84
Phenomenal,"UV Protection, Mirrored Retro Square Sunglasses (53)",399,80
Rozzetta Craft,UV Protection Rectangular Sunglasses (Free Size),398,73
FDA COLLECTION,"Gradient, Mirrored, UV Protection Round, Round, Round S...",188,87
Dannilo,"Gradient, UV Protection, Others Aviator Sunglasses (Fre...",198,83
Silver Kartz,UV Protection Wayfarer Sunglasses (Free Size),220,85
ROZZETTA CRAFT,UV Protection Retro Square Sunglasses (Free Size),449,79
Collet,"Gradient, Mirrored, UV Protection Aviator Sunglasses (F...",199,86
Winsome,UV Protection Round Sunglasses (54),172,82
Silver Kartz,UV Protection Aviator Sunglasses (62),228,80
funglasses,"UV Protection, Night Vision, Riding Glasses Round Sungl...",170,82
FDA COLLECTION,"Gradient, Mirrored, UV Protection, Polarized Round, Rou...",161,83
Fastrack,UV Protection Wayfarer Sunglasses (Free Size),759,15
Fossil,Others Round Sunglasses (50),"2,626",40
Phenomenal,UV Protection Retro Square Sunglasses (Free Size),399,80
JOHAENA,"Riding Glasses, UV Protection Oval Sunglasses (52)",160,87
shah collections,UV Protection Round Sunglasses (Free Size),331,80
Silver Kartz,"UV Protection Wayfarer, Aviator Sunglasses (88)",237,80
shah collections,UV Protection Round Sunglasses (Free Size),312,75
Fastrack,UV Protection Wayfarer Sunglasses (Free Size),668,16
Fastrack,"Gradient, UV Protection Wayfarer Sunglasses (Free Size)",651,18
Silver Kartz,UV Protection Aviator Sunglasses (Free Size),177,89
Phenomenal,"Polarized, UV Protection, Gradient Rectangular Sunglass...",299,85
Riffko,UV Protection Round Sunglasses (55),175,82
HAMIW COLLECTION,"UV Protection Wayfarer, Sports, Shield, Rectangular, Re...",205,86
Silver Kartz,UV Protection Wayfarer Sunglasses (Free Size),194,80
funglasses,"Riding Glasses, Night Vision Round, Round Sunglasses (5...",169,83
funglasses,"UV Protection, Polarized Rectangular, Rectangular Sungl...",275,81
ROZZETTA CRAFT,"UV Protection, Gradient Rectangular Sunglasses (Free Si...",449,77
Polaroid,Others Round Sunglasses (49),"3,431",36
ROZZETTA CRAFT,"UV Protection, Riding Glasses Rectangular Sunglasses (F...",449,79
shadz,UV Protection Wayfarer Sunglasses (50),99,85
like future,Mirrored Aviator Sunglasses (Free Size),181,83
Silver Kartz,UV Protection Oval Sunglasses (56),237,80
Riffko,UV Protection Wayfarer Sunglasses (55),189,84
LOPO,"Polarized, Mirrored, UV Protection Retro Square, Over-s...",145,79
PIRASO,UV Protection Aviator Sunglasses (54),206,87
Royal Son,UV Protection Retro Square Sunglasses (49),664,66
shadz,"UV Protection, Polarized Retro Square Sunglasses (59)",189,85
like future,"UV Protection, Polarized, Gradient Rectangular, Retro S...",229,82
funglasses,"UV Protection, Night Vision, Riding Glasses Round Sungl...",125,83
Specsmakers,Mirrored Over-sized Sunglasses (49),470,52
PIRASO,UV Protection Aviator Sunglasses (58),349,86
HIPPON,UV Protection Wayfarer Sunglasses (55),182,84
Trendy Glasses,"UV Protection, Night Vision Retro Square Sunglasses (Fr...",247,87
Zyaden,"UV Protection, Riding Glasses, Night Vision Sports Sung...",525,67
Singco India,"UV Protection, Polarized Aviator Sunglasses (Free Size)",189,72
Rich Club,"UV Protection, Mirrored, Gradient Round Sunglasses (51)",189,76
Singco India,UV Protection Aviator Sunglasses (Free Size),299,75
Zyaden,"UV Protection, Gradient Sports Sunglasses (Free Size)",670,66
Fastrack,"Gradient, UV Protection Wayfarer Sunglasses (Free Size)",660,17
Dannilo,UV Protection Wayfarer Sunglasses (Free Size),189,87
Online Mantra,"UV Protection Round, Aviator Sunglasses (Free Size)",165,67
Silver Kartz,UV Protection Clubmaster Sunglasses (53),186,89
Fastrack,UV Protection Wayfarer Sunglasses (Free Size),732,18
kingscape,UV Protection Round Sunglasses (Free Size),309,80
Dannilo,Mirrored Wayfarer Sunglasses (Free Size),201,79
Specsmakers,Polarized Aviator Sunglasses (58),895,55
peter india,UV Protection Spectacle  Sunglasses (Free Size),165,87
ROZZETTA CRAFT,UV Protection Retro Square Sunglasses (Free Size),315,82
Phenomenal,"UV Protection, Mirrored Retro Square Sunglasses (53)",399,80
STYLISH GUYS,"UV Protection, Mirrored, Gradient Retro Square Sunglass...",798,77
kingsunglasses,"UV Protection, Mirrored Aviator Sunglasses (56)",122,87
INSH,UV Protection Round Sunglasses (54),299,85
I Flash,"Gradient, UV Protection Round, Round Sunglasses (50)",174,85
Phenomenal,"Polarized, UV Protection Round Sunglasses (53)",329,83
Silver Kartz,UV Protection Oval Sunglasses (56),237,80
NuVew,"UV Protection, Mirrored, Night Vision, Riding Glasses S...",364,60
Deixels,UV Protection Wayfarer Sunglasses (Free Size),189,89
Mode,UV Protection Aviator Sunglasses (Free Size),104,85
shah collections,UV Protection Round Sunglasses (Free Size),323,80
NuVew,"UV Protection, Mirrored, Night Vision Aviator Sunglasse...",393,68
David Martin,"Gradient, UV Protection Aviator Sunglasses (Free Size)",294,78
shah collections,"UV Protection, Polarized Round Sunglasses (Free Size)",145,86
PIRASO,UV Protection Aviator Sunglasses (Free Size),314,80
dannilo,"Gradient, UV Protection Round Sunglasses (Free Size)",171,82
INSH,"UV Protection, Night Vision, Riding Glasses Rectangular...",327,86
Fossil,Others Rectangular Sunglasses (54),"2,738",37
Royal Son,UV Protection Wayfarer Sunglasses (55),236,81
Dannilo,Others Aviator Sunglasses (Free Size),271,81
Royal Son,Mirrored Aviator Sunglasses (55),379,74
ROYAL SON,UV Protection Retro Square Sunglasses (88),569,71
Fastrack,"UV Protection, Riding Glasses Sports Sunglasses (65)",759,15
FDA COLLECTION,"Gradient, UV Protection Round, Round Sunglasses (20)",161,83
Phenomenal,UV Protection Retro Square Sunglasses (Free Size),399,80
Fastrack,UV Protection Aviator Sunglasses (58),"1,124",13
Fastrack,UV Protection Aviator Sunglasses (58),"1,123",13
Aislin,"Polarized, UV Protection Wayfarer Sunglasses (60)",675,72
Singco India,UV Protection Round Sunglasses (Free Size),175,82
Trendy Glasses,UV Protection Retro Square Sunglasses (Free Size),233,81
Scaglia,UV Protection Round Sunglasses (58),165,79
Fossil,Gradient Rectangular Sunglasses (53),"2,839",35
ROZZETTA CRAFT,"UV Protection, Gradient Round Sunglasses (Free Size)",425,78
DAHAAZIL,Gradient Round Sunglasses (55),149,70
Elligator,UV Protection Aviator Sunglasses (55),332,86
Fastrack,UV Protection Wayfarer Sunglasses (53),751,16
Fastrack,UV Protection Rectangular Sunglasses (Free Size),687,14
Orkee,"Mirrored Rectangular, Aviator, Clubmaster Sunglasses (F...",272,80
