Brand,Product description,Price,Discount
Chevit,Super 445 Fashion Sneakers For Men,369,26
WHITE WALKERS,Sneakers For Men,499,50
Chevit,Combo Pack of 4 Casual Sneakers With Sneakers For Men,579,70
Chevit,171 Smart Tan Lace-Ups Casuals for Men Sneakers For Men,249,50
Shoes Bank,White Sneaker For Men's/Boy's Sneakers For Men,398,60
Deny Brown,445 Sports Shoes Sneakers For Men,379,24
World Wear Footwear,5011-Latest Collection Stylish Casual Loafer Sneakers S...,240,51
Puma,Puma Smash v2 SL one8 Sneakers For Men,"2,399",40
Chevit,170 Smart Grey Lace-Ups Casuals for Men Sneakers For Me...,249,50
Chevit,168 Smart Red Lace-Ups Casuals for Men Sneakers For Men,249,50
Essence,Sneakers For Men,499,50
RICHERSON,causal for men Sneakers For Men,459,54
Essence,Sneakers For Men,499,50
Robbie jones,Casual Sneakers Shoes For Men Sneakers For Men,399,60
D-SNEAKERZ,"Casual , Partywear Sneakers Shoes For Men's And Boys Wh...",370,43
Puma,RS-X Hard Drive Sneakers For Men,"5,399",40
Rockfield,Sneakers For Men,499,50
Oricum,Combo pack of 2 casual sneaker shoes for men Sneakers F...,419,58
Robbie jones,Sneakers For Men,405,59
Puma,Puma Smash v2 L Sneakers For Men,"2,269",35
Oricum,ORIFWSH(OR)-1077 Sneakers For Men,214,57
Red Rose,Sneakers For Men,399,60
Hotstyle,Sneakers For Men,205,58
Claptrap,Yellow Shoes for Men And Boys Sneakers For Men Sneakers...,449,30
ZOVIM,denim Jeans shoes for men Sneakers For Men,448,55
Chevit,Chevit Latest Fashion Combo Pack of 2 Pairs Casual Outd...,570,61
Chevit,Smart Casuals Canvas Shoes Combo pack of 2 Sneakers For...,399,60
Jootiyapa,LIVE'S Sneakers For Men,315,36
Magnolia,White Sneakers Sneakers For Men,367,63
World Wear Footwear,Men-1227 Casual Loafer Sneakers Shoes Sneakers For Men,240,51
Believe,Sneakers for men(black_8) Sneakers For Men,474,52
Claptrap,Sneakers For Men,299,33
ADIDAS,EASY VULC 2.0 Sneakers For Men,"1,633",57
T-Rock,Synthetic Leather Casual Partywear Wedding Sneakers Sho...,449,55
Chevit,Chevit Latest Fashion Combo Pack of 2 Pairs Casual Outd...,570,61
Puma,Sneakers For Men,"1,399",65
BRUTON,Combo Pack Of 3 Loafer Shoes Sneakers For Men,499,82
Essence,Sneakers For Men,499,50
Abisto,Combo of 2 Sneakers For Men,329,67
Puma,Delta Mid NU IDP Sneakers For Men,"1,599",60
GANPATI TRADERS,Sneakers For Men,199,60
Camfoot,Combo Pack of 2 Latest Collection Stylish Casual Shoes ...,328,67
M7 By Metronaut,Sneakers For Men,610,59
Puma,BMW M Motorsport Kart Cat III Mid Sneakers For Men,"2,269",65
Pexlo,Combo Pack of 3 Casual Shoes Sneakers For Men,679,54
World Wear Footwear,Sneakers For Men,240,51
Essence,Sneakers For Men,499,50
Birde,Sneakers For Men,525,47
Essence,Sneakers For Men,499,50
Kraasa,"Casuals, Canvas, Partywear Sneakers For Men",555,44
World Wear Footwear,Men 5014 Latest Collection Stylish Casual Sports Loafer...,240,51
X bye,Sneakers For Men,499,50
TR,Sneakers For Men,449,55
Restinfoot,"Casual shoes,Sneakers for men's,shoes for men's Sneaker...",349,65
Essence,Sneakers For Men,499,50
Puma,Mercedes Drift Cat 8 Sneakers For Men,"5,599",30
Chevit,Chevit Lightweight Combo Pack of 02 Trendy Sneakers Cas...,498,50
Chevit,Lightweight Combo Pack of 02 Trendy Sneakers Casuals Fo...,600,39
Wika,Sneakers For Men,398,60
REFOAM,Sneakers For Men,699,65
Rockfield,Sneakers For Men,399,60
Chevit,169 Smart Sky Blue Lace-Ups Casuals for Men Sneakers Fo...,240,51
Asian,"Skypy-31 Walking Shoes,Training Shoes,Sneakers,Loafers,...",499,16
ZUGA,"ZUGA Men's Casual Canvas Sport Shoes, velvet Casual Sne...",329,67
Arivo,Fashion Outdoor Canvas Casual Light Weight Lace-up Even...,402,69
Shoefly,Combo Men Pack of 2 Loafers Shoes Sneakers For Men,362,63
GANPATI TRADERS,TRENDY SNEKEARS FOR MEN Sneakers For Men,199,60
T-ROCK,Mesh Casual Stylish Partywear Casaul Shoes For Mens And...,379,62
Claptrap,White Sneaker For Men's/Boy's Sneakers For Men,389,13
ZUGA,"ZUGA Men's Casual Canvas Sport Shoes, velvet Casual Sne...",329,67
DIGITRENDZZ,Sneakers For Men,399,60
Oricum,Boxer-303 Sneakers For Men,299,40
Aadi,Sneakers For Men,299,70
ZUGA,"ZUGA Men's Casual Canvas Sport Shoes, velvet Casual Sne...",329,67
Jack Diamond,Sneakers For Men,630,36
URBANBOX,STYLISH-WHITE-9 Sneakers For Men,199,60
Absolute comfort,COMBO-(2)-RWT Sneakers For Men,367,63
Shoefly,Combo Men Pack of 2 Loafers Shoes Sneakers For Men,299,70
Adiso,"Casual sneakers,outdoors,dancingshoes Sneakers For Men",395,60
ZUGA,"ZUGA Men's Casual Canvas Sport Shoes, velvet Casual Sne...",329,67
Adiso,"Casual sneakers,outdoors,dancingshoes Sneakers For Men",395,60
ESSENCE,Sneakers For Men,499,50
TR,Sneakers For Men,399,60
Puma,Scuderia Ferrari Race Court Legend Sneakers For Men,"3,899",40
Puma,Ontario IDP Sneakers For Men,"1,229",59
Essence,Smart Sneakers For Men,499,50
Birde,Combo Pack of 3 Casual Shoes Sneakers For Men,794,47
LeatherKraft,Sneakers For Men,299,70
Sparx,SM-439 Sneakers For Men,699,-
Puma,Puma Flex Renew Sneakers For Men,"2,159",46
DIGITRENDZZ,Sneakers For Men,399,60
bluemaker,casual for men (blue 06) Sneakers For Men,499,50
Puma,Wired SlipOn Sneakers For Men,"1,589",47
Puma,Smash v2 SL one8 Sneakers For Men,"2,399",40
layasa,sports shoes for men | Latest Stylish Casual sneakers f...,379,62
World Wear Footwear,Combo Pack of 2 Latest Collection Stylish casual Sports...,499,50
ASTEROID,Feather Print New Spring Season White Shoes Men Running...,500,49
Edoeviv,Sneakers For Men,398,43
Aura,Casual Shoes Sneakers For Men,367,26
Puma,Puma Smash v2 L Perf Puma White-Puma Whi Sneakers For M...,"1,599",60
