Rating,Review Summery,Review
5,Perfect product!,Amazing phone with great cameras and better battery which gives you the best performance. I just love the camera .
5,Great product,"Amazing Powerful and Durable Gadget.I’m am very happy with the camera picture quality, Amazing face id unlocked in dark room, Strong battery with perfect screen size as you can carry easily in pocket. This is my third iPhone. I shifted from android Samsung Note series to iPhone because of the strong build quality and peace of mind for next 3-4 years.Don’t think to much just go for it and I suggest you to go for minimum 128gb variant or more 256gb. I’ve attached my puppy pics and no fi..."
5,Perfect product!,It’s a must buy who is looking for an upgrade from previous generation of iPhones. If you are using XR then still you can hold on for sometime and upgrade to 2020 model else this phone is a must buy . Camera quality is amazing and wide angle is something to count upon. Performance wise it’s amazing and feels premium while holding in hand. So a big YES for this device. Go for 128 GB variant as the 4K videos will occupy lots of space and the storage can get over very quickly. Try to buy it with...
5,Highly recommended,"iphone 11 is a very good phone to buy only if you can compromise for the display. The display on this is device is pretty good but you can get other options with better displays in this price segment.If you can survive with an HD+ LCD panel with thicker bezels and a notch up top then this is a very good phone for you.Cameras are awesome, battery backup excellent, great performance and a decent premium look. Good job Apple !"
5,Perfect product!,Value for money❤️❤️Its awesome mobile phone in the world ...Display was very good and bright ..Trust me freinds you r never regret after Buying..Just go for it....I love this phone and i switch to iphone x to 11
5,Worth every penny,"Best budget Iphone till date ❤️ go for it guys without second thought. Let me explain you guys about Camera, Display, battery, and performance. Camera: at this price range there is no comparison of camera, you’ll love the picture quality as well as video quality. I am a Vlogger I wanted an iPhone with 4k video by front camera and I got this phone and I am more than happy 😃 Battery: I use this phone roughly as I am active social media person and I have a youtube channel. so the battery ba..."
5,Worth every penny,"It’s been almost a month since I have been using this phone. I upgraded from an iPhone 8. The main issue with my 8 was battery and this phone is just awesome when it comes to battery. It lasts a day and a half for me with my regular use , internet connected always with 4g Can’t move forward without saying this. Battery of this phone is a life saver when I am traveling or at work when I don’t get the option to charge Camera is superb. Front cam selfies and back cam photos are just awesome. ..."
5,Perfect product!,Iphone is just awesome.. battery backup is very very nice.. continuously for 10 hours we can use it.camera is just awesome.. display is just fab.i love it alot..i had to wait 15 days for it as i pre ordered it..overalll it's worth the price..these all images are clicked by my iPhone..and i love it.
4,Nice product,Awesome Phone. Slightly high price but worth. Better than iPhone XR. Camera is superb and wide angle camera is very clear. 12MP selfie camera is also very good. A13 Chip gives a very good and smooth performance.
5,Wonderful,"*Review after 10 months of usage*Doesn't seem bulky with decent touch and camera. The ""standard maintained"" quality of IPhone. Go for it, if your budget is not more enough for pro models. It's a value for money among the 11 series Stereo speakers are so good, you will love the stereo sound. Battery backup is not decent but still better than Iphone 7 and 8.Processor is fast, the phone doesn't lag at all even with heavy games, waterproof, faster face id and with no fingerprint scanners. The ca..."
5,Perfect product!,Amazing phone with great cameras and better battery which gives you the best performance. I just love the camera .
5,Great product,"Amazing Powerful and Durable Gadget.I’m am very happy with the camera picture quality, Amazing face id unlocked in dark room, Strong battery with perfect screen size as you can carry easily in pocket. This is my third iPhone. I shifted from android Samsung Note series to iPhone because of the strong build quality and peace of mind for next 3-4 years.Don’t think to much just go for it and I suggest you to go for minimum 128gb variant or more 256gb. I’ve attached my puppy pics and no fi..."
5,Perfect product!,It’s a must buy who is looking for an upgrade from previous generation of iPhones. If you are using XR then still you can hold on for sometime and upgrade to 2020 model else this phone is a must buy . Camera quality is amazing and wide angle is something to count upon. Performance wise it’s amazing and feels premium while holding in hand. So a big YES for this device. Go for 128 GB variant as the 4K videos will occupy lots of space and the storage can get over very quickly. Try to buy it with...
5,Highly recommended,"iphone 11 is a very good phone to buy only if you can compromise for the display. The display on this is device is pretty good but you can get other options with better displays in this price segment.If you can survive with an HD+ LCD panel with thicker bezels and a notch up top then this is a very good phone for you.Cameras are awesome, battery backup excellent, great performance and a decent premium look. Good job Apple !"
5,Perfect product!,Value for money❤️❤️Its awesome mobile phone in the world ...Display was very good and bright ..Trust me freinds you r never regret after Buying..Just go for it....I love this phone and i switch to iphone x to 11
5,Worth every penny,"Best budget Iphone till date ❤️ go for it guys without second thought. Let me explain you guys about Camera, Display, battery, and performance. Camera: at this price range there is no comparison of camera, you’ll love the picture quality as well as video quality. I am a Vlogger I wanted an iPhone with 4k video by front camera and I got this phone and I am more than happy 😃 Battery: I use this phone roughly as I am active social media person and I have a youtube channel. so the battery ba..."
5,Worth every penny,"It’s been almost a month since I have been using this phone. I upgraded from an iPhone 8. The main issue with my 8 was battery and this phone is just awesome when it comes to battery. It lasts a day and a half for me with my regular use , internet connected always with 4g Can’t move forward without saying this. Battery of this phone is a life saver when I am traveling or at work when I don’t get the option to charge Camera is superb. Front cam selfies and back cam photos are just awesome. ..."
5,Perfect product!,Iphone is just awesome.. battery backup is very very nice.. continuously for 10 hours we can use it.camera is just awesome.. display is just fab.i love it alot..i had to wait 15 days for it as i pre ordered it..overalll it's worth the price..these all images are clicked by my iPhone..and i love it.
4,Nice product,Awesome Phone. Slightly high price but worth. Better than iPhone XR. Camera is superb and wide angle camera is very clear. 12MP selfie camera is also very good. A13 Chip gives a very good and smooth performance.
5,Wonderful,"*Review after 10 months of usage*Doesn't seem bulky with decent touch and camera. The ""standard maintained"" quality of IPhone. Go for it, if your budget is not more enough for pro models. It's a value for money among the 11 series Stereo speakers are so good, you will love the stereo sound. Battery backup is not decent but still better than Iphone 7 and 8.Processor is fast, the phone doesn't lag at all even with heavy games, waterproof, faster face id and with no fingerprint scanners. The ca..."
5,Perfect product!,Amazing phone with great cameras and better battery which gives you the best performance. I just love the camera .
5,Great product,"Amazing Powerful and Durable Gadget.I’m am very happy with the camera picture quality, Amazing face id unlocked in dark room, Strong battery with perfect screen size as you can carry easily in pocket. This is my third iPhone. I shifted from android Samsung Note series to iPhone because of the strong build quality and peace of mind for next 3-4 years.Don’t think to much just go for it and I suggest you to go for minimum 128gb variant or more 256gb. I’ve attached my puppy pics and no fi..."
5,Perfect product!,It’s a must buy who is looking for an upgrade from previous generation of iPhones. If you are using XR then still you can hold on for sometime and upgrade to 2020 model else this phone is a must buy . Camera quality is amazing and wide angle is something to count upon. Performance wise it’s amazing and feels premium while holding in hand. So a big YES for this device. Go for 128 GB variant as the 4K videos will occupy lots of space and the storage can get over very quickly. Try to buy it with...
5,Highly recommended,"iphone 11 is a very good phone to buy only if you can compromise for the display. The display on this is device is pretty good but you can get other options with better displays in this price segment.If you can survive with an HD+ LCD panel with thicker bezels and a notch up top then this is a very good phone for you.Cameras are awesome, battery backup excellent, great performance and a decent premium look. Good job Apple !"
5,Perfect product!,Value for money❤️❤️Its awesome mobile phone in the world ...Display was very good and bright ..Trust me freinds you r never regret after Buying..Just go for it....I love this phone and i switch to iphone x to 11
5,Worth every penny,"Best budget Iphone till date ❤️ go for it guys without second thought. Let me explain you guys about Camera, Display, battery, and performance. Camera: at this price range there is no comparison of camera, you’ll love the picture quality as well as video quality. I am a Vlogger I wanted an iPhone with 4k video by front camera and I got this phone and I am more than happy 😃 Battery: I use this phone roughly as I am active social media person and I have a youtube channel. so the battery ba..."
5,Worth every penny,"It’s been almost a month since I have been using this phone. I upgraded from an iPhone 8. The main issue with my 8 was battery and this phone is just awesome when it comes to battery. It lasts a day and a half for me with my regular use , internet connected always with 4g Can’t move forward without saying this. Battery of this phone is a life saver when I am traveling or at work when I don’t get the option to charge Camera is superb. Front cam selfies and back cam photos are just awesome. ..."
5,Perfect product!,Iphone is just awesome.. battery backup is very very nice.. continuously for 10 hours we can use it.camera is just awesome.. display is just fab.i love it alot..i had to wait 15 days for it as i pre ordered it..overalll it's worth the price..these all images are clicked by my iPhone..and i love it.
4,Nice product,Awesome Phone. Slightly high price but worth. Better than iPhone XR. Camera is superb and wide angle camera is very clear. 12MP selfie camera is also very good. A13 Chip gives a very good and smooth performance.
5,Wonderful,"*Review after 10 months of usage*Doesn't seem bulky with decent touch and camera. The ""standard maintained"" quality of IPhone. Go for it, if your budget is not more enough for pro models. It's a value for money among the 11 series Stereo speakers are so good, you will love the stereo sound. Battery backup is not decent but still better than Iphone 7 and 8.Processor is fast, the phone doesn't lag at all even with heavy games, waterproof, faster face id and with no fingerprint scanners. The ca..."
5,Perfect product!,Amazing phone with great cameras and better battery which gives you the best performance. I just love the camera .
5,Great product,"Amazing Powerful and Durable Gadget.I’m am very happy with the camera picture quality, Amazing face id unlocked in dark room, Strong battery with perfect screen size as you can carry easily in pocket. This is my third iPhone. I shifted from android Samsung Note series to iPhone because of the strong build quality and peace of mind for next 3-4 years.Don’t think to much just go for it and I suggest you to go for minimum 128gb variant or more 256gb. I’ve attached my puppy pics and no fi..."
5,Perfect product!,It’s a must buy who is looking for an upgrade from previous generation of iPhones. If you are using XR then still you can hold on for sometime and upgrade to 2020 model else this phone is a must buy . Camera quality is amazing and wide angle is something to count upon. Performance wise it’s amazing and feels premium while holding in hand. So a big YES for this device. Go for 128 GB variant as the 4K videos will occupy lots of space and the storage can get over very quickly. Try to buy it with...
5,Highly recommended,"iphone 11 is a very good phone to buy only if you can compromise for the display. The display on this is device is pretty good but you can get other options with better displays in this price segment.If you can survive with an HD+ LCD panel with thicker bezels and a notch up top then this is a very good phone for you.Cameras are awesome, battery backup excellent, great performance and a decent premium look. Good job Apple !"
5,Perfect product!,Value for money❤️❤️Its awesome mobile phone in the world ...Display was very good and bright ..Trust me freinds you r never regret after Buying..Just go for it....I love this phone and i switch to iphone x to 11
5,Worth every penny,"Best budget Iphone till date ❤️ go for it guys without second thought. Let me explain you guys about Camera, Display, battery, and performance. Camera: at this price range there is no comparison of camera, you’ll love the picture quality as well as video quality. I am a Vlogger I wanted an iPhone with 4k video by front camera and I got this phone and I am more than happy 😃 Battery: I use this phone roughly as I am active social media person and I have a youtube channel. so the battery ba..."
5,Worth every penny,"It’s been almost a month since I have been using this phone. I upgraded from an iPhone 8. The main issue with my 8 was battery and this phone is just awesome when it comes to battery. It lasts a day and a half for me with my regular use , internet connected always with 4g Can’t move forward without saying this. Battery of this phone is a life saver when I am traveling or at work when I don’t get the option to charge Camera is superb. Front cam selfies and back cam photos are just awesome. ..."
5,Perfect product!,Iphone is just awesome.. battery backup is very very nice.. continuously for 10 hours we can use it.camera is just awesome.. display is just fab.i love it alot..i had to wait 15 days for it as i pre ordered it..overalll it's worth the price..these all images are clicked by my iPhone..and i love it.
4,Nice product,Awesome Phone. Slightly high price but worth. Better than iPhone XR. Camera is superb and wide angle camera is very clear. 12MP selfie camera is also very good. A13 Chip gives a very good and smooth performance.
5,Wonderful,"*Review after 10 months of usage*Doesn't seem bulky with decent touch and camera. The ""standard maintained"" quality of IPhone. Go for it, if your budget is not more enough for pro models. It's a value for money among the 11 series Stereo speakers are so good, you will love the stereo sound. Battery backup is not decent but still better than Iphone 7 and 8.Processor is fast, the phone doesn't lag at all even with heavy games, waterproof, faster face id and with no fingerprint scanners. The ca..."
5,Perfect product!,Amazing phone with great cameras and better battery which gives you the best performance. I just love the camera .
5,Great product,"Amazing Powerful and Durable Gadget.I’m am very happy with the camera picture quality, Amazing face id unlocked in dark room, Strong battery with perfect screen size as you can carry easily in pocket. This is my third iPhone. I shifted from android Samsung Note series to iPhone because of the strong build quality and peace of mind for next 3-4 years.Don’t think to much just go for it and I suggest you to go for minimum 128gb variant or more 256gb. I’ve attached my puppy pics and no fi..."
5,Perfect product!,It’s a must buy who is looking for an upgrade from previous generation of iPhones. If you are using XR then still you can hold on for sometime and upgrade to 2020 model else this phone is a must buy . Camera quality is amazing and wide angle is something to count upon. Performance wise it’s amazing and feels premium while holding in hand. So a big YES for this device. Go for 128 GB variant as the 4K videos will occupy lots of space and the storage can get over very quickly. Try to buy it with...
5,Highly recommended,"iphone 11 is a very good phone to buy only if you can compromise for the display. The display on this is device is pretty good but you can get other options with better displays in this price segment.If you can survive with an HD+ LCD panel with thicker bezels and a notch up top then this is a very good phone for you.Cameras are awesome, battery backup excellent, great performance and a decent premium look. Good job Apple !"
5,Perfect product!,Value for money❤️❤️Its awesome mobile phone in the world ...Display was very good and bright ..Trust me freinds you r never regret after Buying..Just go for it....I love this phone and i switch to iphone x to 11
5,Worth every penny,"Best budget Iphone till date ❤️ go for it guys without second thought. Let me explain you guys about Camera, Display, battery, and performance. Camera: at this price range there is no comparison of camera, you’ll love the picture quality as well as video quality. I am a Vlogger I wanted an iPhone with 4k video by front camera and I got this phone and I am more than happy 😃 Battery: I use this phone roughly as I am active social media person and I have a youtube channel. so the battery ba..."
5,Worth every penny,"It’s been almost a month since I have been using this phone. I upgraded from an iPhone 8. The main issue with my 8 was battery and this phone is just awesome when it comes to battery. It lasts a day and a half for me with my regular use , internet connected always with 4g Can’t move forward without saying this. Battery of this phone is a life saver when I am traveling or at work when I don’t get the option to charge Camera is superb. Front cam selfies and back cam photos are just awesome. ..."
5,Perfect product!,Iphone is just awesome.. battery backup is very very nice.. continuously for 10 hours we can use it.camera is just awesome.. display is just fab.i love it alot..i had to wait 15 days for it as i pre ordered it..overalll it's worth the price..these all images are clicked by my iPhone..and i love it.
4,Nice product,Awesome Phone. Slightly high price but worth. Better than iPhone XR. Camera is superb and wide angle camera is very clear. 12MP selfie camera is also very good. A13 Chip gives a very good and smooth performance.
5,Wonderful,"*Review after 10 months of usage*Doesn't seem bulky with decent touch and camera. The ""standard maintained"" quality of IPhone. Go for it, if your budget is not more enough for pro models. It's a value for money among the 11 series Stereo speakers are so good, you will love the stereo sound. Battery backup is not decent but still better than Iphone 7 and 8.Processor is fast, the phone doesn't lag at all even with heavy games, waterproof, faster face id and with no fingerprint scanners. The ca..."
5,Perfect product!,Amazing phone with great cameras and better battery which gives you the best performance. I just love the camera .
5,Great product,"Amazing Powerful and Durable Gadget.I’m am very happy with the camera picture quality, Amazing face id unlocked in dark room, Strong battery with perfect screen size as you can carry easily in pocket. This is my third iPhone. I shifted from android Samsung Note series to iPhone because of the strong build quality and peace of mind for next 3-4 years.Don’t think to much just go for it and I suggest you to go for minimum 128gb variant or more 256gb. I’ve attached my puppy pics and no fi..."
5,Perfect product!,It’s a must buy who is looking for an upgrade from previous generation of iPhones. If you are using XR then still you can hold on for sometime and upgrade to 2020 model else this phone is a must buy . Camera quality is amazing and wide angle is something to count upon. Performance wise it’s amazing and feels premium while holding in hand. So a big YES for this device. Go for 128 GB variant as the 4K videos will occupy lots of space and the storage can get over very quickly. Try to buy it with...
5,Highly recommended,"iphone 11 is a very good phone to buy only if you can compromise for the display. The display on this is device is pretty good but you can get other options with better displays in this price segment.If you can survive with an HD+ LCD panel with thicker bezels and a notch up top then this is a very good phone for you.Cameras are awesome, battery backup excellent, great performance and a decent premium look. Good job Apple !"
5,Perfect product!,Value for money❤️❤️Its awesome mobile phone in the world ...Display was very good and bright ..Trust me freinds you r never regret after Buying..Just go for it....I love this phone and i switch to iphone x to 11
5,Worth every penny,"Best budget Iphone till date ❤️ go for it guys without second thought. Let me explain you guys about Camera, Display, battery, and performance. Camera: at this price range there is no comparison of camera, you’ll love the picture quality as well as video quality. I am a Vlogger I wanted an iPhone with 4k video by front camera and I got this phone and I am more than happy 😃 Battery: I use this phone roughly as I am active social media person and I have a youtube channel. so the battery ba..."
5,Worth every penny,"It’s been almost a month since I have been using this phone. I upgraded from an iPhone 8. The main issue with my 8 was battery and this phone is just awesome when it comes to battery. It lasts a day and a half for me with my regular use , internet connected always with 4g Can’t move forward without saying this. Battery of this phone is a life saver when I am traveling or at work when I don’t get the option to charge Camera is superb. Front cam selfies and back cam photos are just awesome. ..."
5,Perfect product!,Iphone is just awesome.. battery backup is very very nice.. continuously for 10 hours we can use it.camera is just awesome.. display is just fab.i love it alot..i had to wait 15 days for it as i pre ordered it..overalll it's worth the price..these all images are clicked by my iPhone..and i love it.
4,Nice product,Awesome Phone. Slightly high price but worth. Better than iPhone XR. Camera is superb and wide angle camera is very clear. 12MP selfie camera is also very good. A13 Chip gives a very good and smooth performance.
5,Wonderful,"*Review after 10 months of usage*Doesn't seem bulky with decent touch and camera. The ""standard maintained"" quality of IPhone. Go for it, if your budget is not more enough for pro models. It's a value for money among the 11 series Stereo speakers are so good, you will love the stereo sound. Battery backup is not decent but still better than Iphone 7 and 8.Processor is fast, the phone doesn't lag at all even with heavy games, waterproof, faster face id and with no fingerprint scanners. The ca..."
5,Perfect product!,Amazing phone with great cameras and better battery which gives you the best performance. I just love the camera .
5,Great product,"Amazing Powerful and Durable Gadget.I’m am very happy with the camera picture quality, Amazing face id unlocked in dark room, Strong battery with perfect screen size as you can carry easily in pocket. This is my third iPhone. I shifted from android Samsung Note series to iPhone because of the strong build quality and peace of mind for next 3-4 years.Don’t think to much just go for it and I suggest you to go for minimum 128gb variant or more 256gb. I’ve attached my puppy pics and no fi..."
5,Perfect product!,It’s a must buy who is looking for an upgrade from previous generation of iPhones. If you are using XR then still you can hold on for sometime and upgrade to 2020 model else this phone is a must buy . Camera quality is amazing and wide angle is something to count upon. Performance wise it’s amazing and feels premium while holding in hand. So a big YES for this device. Go for 128 GB variant as the 4K videos will occupy lots of space and the storage can get over very quickly. Try to buy it with...
5,Highly recommended,"iphone 11 is a very good phone to buy only if you can compromise for the display. The display on this is device is pretty good but you can get other options with better displays in this price segment.If you can survive with an HD+ LCD panel with thicker bezels and a notch up top then this is a very good phone for you.Cameras are awesome, battery backup excellent, great performance and a decent premium look. Good job Apple !"
5,Perfect product!,Value for money❤️❤️Its awesome mobile phone in the world ...Display was very good and bright ..Trust me freinds you r never regret after Buying..Just go for it....I love this phone and i switch to iphone x to 11
5,Worth every penny,"Best budget Iphone till date ❤️ go for it guys without second thought. Let me explain you guys about Camera, Display, battery, and performance. Camera: at this price range there is no comparison of camera, you’ll love the picture quality as well as video quality. I am a Vlogger I wanted an iPhone with 4k video by front camera and I got this phone and I am more than happy 😃 Battery: I use this phone roughly as I am active social media person and I have a youtube channel. so the battery ba..."
5,Worth every penny,"It’s been almost a month since I have been using this phone. I upgraded from an iPhone 8. The main issue with my 8 was battery and this phone is just awesome when it comes to battery. It lasts a day and a half for me with my regular use , internet connected always with 4g Can’t move forward without saying this. Battery of this phone is a life saver when I am traveling or at work when I don’t get the option to charge Camera is superb. Front cam selfies and back cam photos are just awesome. ..."
5,Perfect product!,Iphone is just awesome.. battery backup is very very nice.. continuously for 10 hours we can use it.camera is just awesome.. display is just fab.i love it alot..i had to wait 15 days for it as i pre ordered it..overalll it's worth the price..these all images are clicked by my iPhone..and i love it.
4,Nice product,Awesome Phone. Slightly high price but worth. Better than iPhone XR. Camera is superb and wide angle camera is very clear. 12MP selfie camera is also very good. A13 Chip gives a very good and smooth performance.
5,Wonderful,"*Review after 10 months of usage*Doesn't seem bulky with decent touch and camera. The ""standard maintained"" quality of IPhone. Go for it, if your budget is not more enough for pro models. It's a value for money among the 11 series Stereo speakers are so good, you will love the stereo sound. Battery backup is not decent but still better than Iphone 7 and 8.Processor is fast, the phone doesn't lag at all even with heavy games, waterproof, faster face id and with no fingerprint scanners. The ca..."
5,Perfect product!,Amazing phone with great cameras and better battery which gives you the best performance. I just love the camera .
5,Great product,"Amazing Powerful and Durable Gadget.I’m am very happy with the camera picture quality, Amazing face id unlocked in dark room, Strong battery with perfect screen size as you can carry easily in pocket. This is my third iPhone. I shifted from android Samsung Note series to iPhone because of the strong build quality and peace of mind for next 3-4 years.Don’t think to much just go for it and I suggest you to go for minimum 128gb variant or more 256gb. I’ve attached my puppy pics and no fi..."
5,Perfect product!,It’s a must buy who is looking for an upgrade from previous generation of iPhones. If you are using XR then still you can hold on for sometime and upgrade to 2020 model else this phone is a must buy . Camera quality is amazing and wide angle is something to count upon. Performance wise it’s amazing and feels premium while holding in hand. So a big YES for this device. Go for 128 GB variant as the 4K videos will occupy lots of space and the storage can get over very quickly. Try to buy it with...
5,Highly recommended,"iphone 11 is a very good phone to buy only if you can compromise for the display. The display on this is device is pretty good but you can get other options with better displays in this price segment.If you can survive with an HD+ LCD panel with thicker bezels and a notch up top then this is a very good phone for you.Cameras are awesome, battery backup excellent, great performance and a decent premium look. Good job Apple !"
5,Perfect product!,Value for money❤️❤️Its awesome mobile phone in the world ...Display was very good and bright ..Trust me freinds you r never regret after Buying..Just go for it....I love this phone and i switch to iphone x to 11
5,Worth every penny,"Best budget Iphone till date ❤️ go for it guys without second thought. Let me explain you guys about Camera, Display, battery, and performance. Camera: at this price range there is no comparison of camera, you’ll love the picture quality as well as video quality. I am a Vlogger I wanted an iPhone with 4k video by front camera and I got this phone and I am more than happy 😃 Battery: I use this phone roughly as I am active social media person and I have a youtube channel. so the battery ba..."
5,Worth every penny,"It’s been almost a month since I have been using this phone. I upgraded from an iPhone 8. The main issue with my 8 was battery and this phone is just awesome when it comes to battery. It lasts a day and a half for me with my regular use , internet connected always with 4g Can’t move forward without saying this. Battery of this phone is a life saver when I am traveling or at work when I don’t get the option to charge Camera is superb. Front cam selfies and back cam photos are just awesome. ..."
5,Perfect product!,Iphone is just awesome.. battery backup is very very nice.. continuously for 10 hours we can use it.camera is just awesome.. display is just fab.i love it alot..i had to wait 15 days for it as i pre ordered it..overalll it's worth the price..these all images are clicked by my iPhone..and i love it.
4,Nice product,Awesome Phone. Slightly high price but worth. Better than iPhone XR. Camera is superb and wide angle camera is very clear. 12MP selfie camera is also very good. A13 Chip gives a very good and smooth performance.
5,Wonderful,"*Review after 10 months of usage*Doesn't seem bulky with decent touch and camera. The ""standard maintained"" quality of IPhone. Go for it, if your budget is not more enough for pro models. It's a value for money among the 11 series Stereo speakers are so good, you will love the stereo sound. Battery backup is not decent but still better than Iphone 7 and 8.Processor is fast, the phone doesn't lag at all even with heavy games, waterproof, faster face id and with no fingerprint scanners. The ca..."
5,Perfect product!,Amazing phone with great cameras and better battery which gives you the best performance. I just love the camera .
5,Great product,"Amazing Powerful and Durable Gadget.I’m am very happy with the camera picture quality, Amazing face id unlocked in dark room, Strong battery with perfect screen size as you can carry easily in pocket. This is my third iPhone. I shifted from android Samsung Note series to iPhone because of the strong build quality and peace of mind for next 3-4 years.Don’t think to much just go for it and I suggest you to go for minimum 128gb variant or more 256gb. I’ve attached my puppy pics and no fi..."
5,Perfect product!,It’s a must buy who is looking for an upgrade from previous generation of iPhones. If you are using XR then still you can hold on for sometime and upgrade to 2020 model else this phone is a must buy . Camera quality is amazing and wide angle is something to count upon. Performance wise it’s amazing and feels premium while holding in hand. So a big YES for this device. Go for 128 GB variant as the 4K videos will occupy lots of space and the storage can get over very quickly. Try to buy it with...
5,Highly recommended,"iphone 11 is a very good phone to buy only if you can compromise for the display. The display on this is device is pretty good but you can get other options with better displays in this price segment.If you can survive with an HD+ LCD panel with thicker bezels and a notch up top then this is a very good phone for you.Cameras are awesome, battery backup excellent, great performance and a decent premium look. Good job Apple !"
5,Perfect product!,Value for money❤️❤️Its awesome mobile phone in the world ...Display was very good and bright ..Trust me freinds you r never regret after Buying..Just go for it....I love this phone and i switch to iphone x to 11
5,Worth every penny,"Best budget Iphone till date ❤️ go for it guys without second thought. Let me explain you guys about Camera, Display, battery, and performance. Camera: at this price range there is no comparison of camera, you’ll love the picture quality as well as video quality. I am a Vlogger I wanted an iPhone with 4k video by front camera and I got this phone and I am more than happy 😃 Battery: I use this phone roughly as I am active social media person and I have a youtube channel. so the battery ba..."
5,Worth every penny,"It’s been almost a month since I have been using this phone. I upgraded from an iPhone 8. The main issue with my 8 was battery and this phone is just awesome when it comes to battery. It lasts a day and a half for me with my regular use , internet connected always with 4g Can’t move forward without saying this. Battery of this phone is a life saver when I am traveling or at work when I don’t get the option to charge Camera is superb. Front cam selfies and back cam photos are just awesome. ..."
5,Perfect product!,Iphone is just awesome.. battery backup is very very nice.. continuously for 10 hours we can use it.camera is just awesome.. display is just fab.i love it alot..i had to wait 15 days for it as i pre ordered it..overalll it's worth the price..these all images are clicked by my iPhone..and i love it.
4,Nice product,Awesome Phone. Slightly high price but worth. Better than iPhone XR. Camera is superb and wide angle camera is very clear. 12MP selfie camera is also very good. A13 Chip gives a very good and smooth performance.
5,Wonderful,"*Review after 10 months of usage*Doesn't seem bulky with decent touch and camera. The ""standard maintained"" quality of IPhone. Go for it, if your budget is not more enough for pro models. It's a value for money among the 11 series Stereo speakers are so good, you will love the stereo sound. Battery backup is not decent but still better than Iphone 7 and 8.Processor is fast, the phone doesn't lag at all even with heavy games, waterproof, faster face id and with no fingerprint scanners. The ca..."
5,Perfect product!,Amazing phone with great cameras and better battery which gives you the best performance. I just love the camera .
5,Great product,"Amazing Powerful and Durable Gadget.I’m am very happy with the camera picture quality, Amazing face id unlocked in dark room, Strong battery with perfect screen size as you can carry easily in pocket. This is my third iPhone. I shifted from android Samsung Note series to iPhone because of the strong build quality and peace of mind for next 3-4 years.Don’t think to much just go for it and I suggest you to go for minimum 128gb variant or more 256gb. I’ve attached my puppy pics and no fi..."
5,Perfect product!,It’s a must buy who is looking for an upgrade from previous generation of iPhones. If you are using XR then still you can hold on for sometime and upgrade to 2020 model else this phone is a must buy . Camera quality is amazing and wide angle is something to count upon. Performance wise it’s amazing and feels premium while holding in hand. So a big YES for this device. Go for 128 GB variant as the 4K videos will occupy lots of space and the storage can get over very quickly. Try to buy it with...
5,Highly recommended,"iphone 11 is a very good phone to buy only if you can compromise for the display. The display on this is device is pretty good but you can get other options with better displays in this price segment.If you can survive with an HD+ LCD panel with thicker bezels and a notch up top then this is a very good phone for you.Cameras are awesome, battery backup excellent, great performance and a decent premium look. Good job Apple !"
5,Perfect product!,Value for money❤️❤️Its awesome mobile phone in the world ...Display was very good and bright ..Trust me freinds you r never regret after Buying..Just go for it....I love this phone and i switch to iphone x to 11
5,Worth every penny,"Best budget Iphone till date ❤️ go for it guys without second thought. Let me explain you guys about Camera, Display, battery, and performance. Camera: at this price range there is no comparison of camera, you’ll love the picture quality as well as video quality. I am a Vlogger I wanted an iPhone with 4k video by front camera and I got this phone and I am more than happy 😃 Battery: I use this phone roughly as I am active social media person and I have a youtube channel. so the battery ba..."
5,Worth every penny,"It’s been almost a month since I have been using this phone. I upgraded from an iPhone 8. The main issue with my 8 was battery and this phone is just awesome when it comes to battery. It lasts a day and a half for me with my regular use , internet connected always with 4g Can’t move forward without saying this. Battery of this phone is a life saver when I am traveling or at work when I don’t get the option to charge Camera is superb. Front cam selfies and back cam photos are just awesome. ..."
5,Perfect product!,Iphone is just awesome.. battery backup is very very nice.. continuously for 10 hours we can use it.camera is just awesome.. display is just fab.i love it alot..i had to wait 15 days for it as i pre ordered it..overalll it's worth the price..these all images are clicked by my iPhone..and i love it.
4,Nice product,Awesome Phone. Slightly high price but worth. Better than iPhone XR. Camera is superb and wide angle camera is very clear. 12MP selfie camera is also very good. A13 Chip gives a very good and smooth performance.
5,Wonderful,"*Review after 10 months of usage*Doesn't seem bulky with decent touch and camera. The ""standard maintained"" quality of IPhone. Go for it, if your budget is not more enough for pro models. It's a value for money among the 11 series Stereo speakers are so good, you will love the stereo sound. Battery backup is not decent but still better than Iphone 7 and 8.Processor is fast, the phone doesn't lag at all even with heavy games, waterproof, faster face id and with no fingerprint scanners. The ca..."
