Company name,salary count,Avg Salary,Min Salary,Max Salary
Delhivery,13,"12,83,026",705K,"11,495K"
Accenture,32,"11,19,272",571K,"2,200K"
IBM,62,"7,52,445",580K,"2,700K"
Ericsson-Worldwide,18,"8,28,000",468K,"1,595K"
UnitedHealth Group,12,"13,21,601",708K,"1,557K"
 Analytics Vidhya,8,"20,889/mo",14K,22K
Tata Consultancy Services,69,"6,33,432",488K,"1,000K"
Cognizant Technology Solutions,40,"9,96,446",784K,"1,250K"
Valiance Solutions,10,"7,71,320",496K,"1,138K"
 Vidooly Media Tech,10,"12,669/mo",8K,20K
