Brand,Description,Price
Nike,Men FREE RN 5.0 Running Shoes,7995
ADIDAS Originals,Men POD-S3.1 Sneakers,11999
ALDO,Men Textured Leather Loafers,12999
Cole Haan,Men Traveller Leather Penny Loafers,9999
Geox,Men Leather Formal Derbys,11490
Nike,Men AIR ZOOM Running Shoes,11995
Geox,Men Suede Driving Shoes,9990
ADIDAS Originals,Women Superstar Metal Toe,8999
ADIDAS Originals,Men NMD R1Sneakers,13999
Nike,PEGASUS FLYEASE Running Shoes,9995
Geox,Men Leather Loafers,10990
Cole Haan,Women Ballerinas,13499
ADIDAS Originals,Men Nite Jogger Fluid Sneakers,10399
Nike,Men Zoom Running Shoes,7995
ADIDAS,Solar Drive 19 Running Shoes,9599
Nike,ZOOM FREAK 2 Basketball Shoes,10295
Nike,Women ZOOM Running Shoes,7995
ADIDAS Originals,Men Yung- 1 Sneakers,10999
Geox,Men Leather Formal Loafers,8499
Nike,Men AIR ZOOM Running Shoes,10295
Cole Haan,Men Wingtip Oxford Sneakers,9749
Nike,Women FREE RN 5.0 Shoes,7995
Tommy Hilfiger,Men Solid Loafers,8599
Puma,Men SPEED 500 2 Running Shoes,8999
Nike,Men Running Shoes,7995
Nike,Men LEGEND REACT 3 Running,8295
Nike,ZOOM GRAVITY 2 Running Shoes,8195
Nike,Men LEBRON 14 Basketball Shoes,12495
Geox,Women Woven Design Slip-On Sneakers,11990
Nike,AIR ZOOM PEGASUS Running Shoes,11495
UNDER ARMOUR,Men HOVR Strt Walking Shoes,9999
ADIDAS Originals,Men  Crazy BYW X 2.0 Sneakers,14999
Geox,Men Leather Sneakers,11999
ADIDAS Originals,Stan Smith Leather Sneakers,7999
ADIDAS Originals,Men Deerupt Running Shoes,8999
Hush Puppies,Men Solid Leather Formal Slip-Ons,9999
ADIDAS Originals,Men NMD_R1 Wide Fit Sneakers,10399
UNDER ARMOUR,Men Charged Impulse Knit,7649
ADIDAS Originals,Women Sleek Z Sneakers,7999
Geox,Men Leather Driving Shoes,7999
Hush Puppies,Men Solid Leather Formal Slip-Ons,8999
Cole Haan,Women Woven Design Slip-On Sneakers,8999
ADIDAS Originals,Women Sonkei Sneakers,7999
ALDO,Men Leather Loafers,12999
ADIDAS Originals,Men NMD R1Sneakers,12999
Cole Haan,Women Leather Brogues,12749
Cole Haan,Men Solid Leather Brogues,14249
Geox,Men Solid Leather Sneakers,11999
Geox,Men Leather Formal Derbys,12490
Cole Haan,Women Solid Leather Ballerinas,10499
Geox,Men Leather Loafers,10990
ADIDAS Originals,Women Superstar Metal Toe,8999
Hush Puppies,Men Solid Leather Formal Slip-Ons,8999
ADIDAS Originals,Men Nite Jogger Fluid Sneakers,10399
ADIDAS Originals,Men NMD_R1 Wide Fit Sneakers,10399
Cole Haan,Women Ballerinas,13499
ADIDAS Originals,Men NMD R1Sneakers,12999
ADIDAS Originals,Men Yung- 1 Sneakers,10999
Geox,Men Leather Formal Derbys,11490
Cole Haan,Men Wingtip Oxford Sneakers,9749
Geox,Women Woven Design Slip-On Sneakers,11990
UNDER ARMOUR,Men HOVR STRT Sportstyle Shoes,9999
Geox,Men Leather Driving Shoes,7999
Geox,Men Leather Sneakers,11999
ADIDAS Originals,Stan Smith Leather Sneakers,7999
Puma,Men Hydra Running Shoes,7649
ADIDAS Originals,Women Sleek Z Sneakers,7999
ADIDAS Originals,Leather Superstar Sneakers,7999
FILA,Women Printed Sneakers,7999
Cole Haan,Women Woven Design Slip-On Sneakers,8999
ADIDAS Originals,Women Sonkei Sneakers,7999
Geox,Men Leather Formal Loafers,8499
Kenneth Cole,Men Solid Leather Formal Loafers,7794
ALDO,Men Leather Loafers,12999
Ruosh,Men Textured Formal Slip-Ons,8990
Puma,Unisex Running Shoes,9999
Cole Haan,Women Leather Brogues,12749
Geox,Men Solid Leather Sneakers,11999
Geox,Men Leather Driving Shoes,9999
Cole Haan,Women Solid Leather Ballerinas,10499
Geox,Men Leather Driving Shoes,7999
ADIDAS Originals,Men YUNG-1 Sneakers,10999
Geox,Men Solid Leather Derbys,13990
Geox,Women Slip-On Sneakers,8499
ADIDAS Originals,Women Superstar Bold Flatforms,8999
ADIDAS Originals,Men Superstar Sneakers,9349
Cole Haan,Women Leather Loafers,7799
Tommy Hilfiger,Men Colourblocked Sneakers,10599
Geox,Women Leather Slip-Ons,8990
ADIDAS Originals,Men YUNG-96 Sneakers,7999
Cole Haan,Women Leather Sneakers,8249
Geox,Men Woven Slip-On Sneakers,10990
ADIDAS Originals,Men ZX 2K Boost Solid Sneakers,13999
Cole Haan,Women Leather Open Toe Flats,7799
Cole Haan,Men GENERATION ZEROGRAND STITCHLITE,8999
FILA,Heritage Stackhouse Sneakers,8999
UNDER ARMOUR,Women HOVR Rise Training Shoes,8499
Geox,Women Leather Flat Boots,12999
ADIDAS Originals,Men LXCON 94 Sneakers,11999
Cole Haan,Women Woven Design Sneakers,11249
