Job Title,Company,Experiance,Location
Fresher  Data Engineer / Data Scientist / Data Analyst Requirements,ACHYUTAS SOFT PRIVATE LIMITED ,0-2 Yrs,"Delhi NCR, Bengaluru, Hyderabad"
Immediate opening For Data Scientist/Data Analyst,CAIA-Center For Artificial Intelligence & Advanced Analytics,0-3 Yrs,"Chennai, Pune, Bengaluru, Hyderabad"
"SAS AML Data Analyst / Trainee & Data Science, Python Trainee",MagicBase Royal BD Pvt Ltd,0-5 Yrs,Bengaluru(Whitefield)
Hiring Data Analysts,Flipkart Internet Private Limited,2-5 Yrs,Bengaluru
Data Analyst,GlaxoSmithKline Pharmaceuticals Limited,3-5 Yrs,"Bengaluru, India"
Study Data Analyst,GlaxoSmithKline Pharmaceuticals Limited,4-8 Yrs,Bengaluru
Data Analyst,Cognizant Technology Solutions India Ltd,3-4 Yrs,Bengaluru
Data Analyst,Cognizant Technology Solutions India Ltd,2-3 Yrs,Bengaluru
Business Data Analyst,GENPACT India Private Limited,3-6 Yrs,Bengaluru
Data Analyst ( Predictive Modelling),AVE-Promagne ,2-5 Yrs,Bengaluru
