Job Title,Company,Experiance,Location
Fresher  Data Engineer / Data Scientist / Data Analyst Requirements,ACHYUTAS SOFT PRIVATE LIMITED ,0-2 Yrs,"Delhi NCR, Bengaluru, Hyderabad"
Data Scientist - Python/Machine Learning,Jubna,5-8 Yrs,Noida
Data Scientist,IBM India Pvt. Limited,4-8 Yrs,Gurgaon Gurugram
Only Fresher / Data Scientist / Data Analyst / Business Analytics- MNC,GABA Consultancy services ,0-0 Yrs,"Delhi NCR, Greater Noida, Noida"
Data Scientist,PureSoftware Pvt Ltd.,5-9 Yrs,Gurgaon
Data Scientist,Air Asia India Limited,1-4 Yrs,"Delhi NCR, Gurgaon"
Lead Data Scientist,NEC CORPORATION INDIA PRIVATE LTD,9-14 Yrs,"Delhi NCR, Noida(Sector-142 Noida)"
Excellent opportunity For Lead Data Scientist at Noida location,NEC CORPORATION INDIA PRIVATE LTD,9-14 Yrs,"Delhi NCR(Sector-142 Noida), Noida"
Lead Data Scientist,NEC CORPORATION INDIA PRIVATE LTD,9-14 Yrs,"Delhi NCR, Noida(Sector-142 Noida)"
Excellent opportunity For Lead Data Scientist at Noida location,NEC CORPORATION INDIA PRIVATE LTD,9-14 Yrs,"Delhi NCR(Sector-142 Noida), Noida"
